Name,
Roman Anthony
Sebastian Walcott
Samuel Basallo
Walker Jenkins
Colt Emerson
Max Clark
Dylan Crews
Carson Williams
Kristian Campbell
Jordan Lawlar
Jackson Jobe
Andrew Painter
Aidan Miller
Matt Shaw
Jeferson Quero
Dalton Rushing
Ethan Salas
Coby Mayo
Bubba Chandler
Noah Schultz
Emmanuel Rodriguez
Jasson Dom√≠nguez
Kevin McGonigle
Felnin Celesten
Travis Bazzana
Josue De Paula
Drake Baldwin
Marcelo Mayer
Bryce Eldridge
Brandon Sproat
Leodalis De Vries
JJ Wetherholt
Kevin Alcantara
Charlie Condon
Nick Kurtz
Demetrio Crisantes
Kyle Teel
Braden Montgomery
Tink Hence
Chase Burns
Justin Crawford
Franklin Arias
Cam Smith
Cooper Pratt
Cole Young
Moises Ballesteros
Thayron Liranzo
Rhett Lowder
Hagen Smith
Nick Yorke
Kumar Rocker
River Ryan
Edgar Quero
Angel Genao
Quinn Mathews
Tyler Black
Thomas White
Zyhir Hope
Josue Briceno
Jac Caglianone
Jett Williams
Luke Keaschall
Caden Dana
Alejandro Rosario
Ryan Waldschmidt
Lazaro Montes
Cooper Ingle
Alex Freeland
Jaison Chourio
Bryce Rainer
Arjun Nimmala
Starlyn Caba
Ralphy Velazquez
Cade Horton
Chase Dollander
Blake Mitchell
Edwin Arroyo
Jesus Made
Harry Ford
Seaver King
Michael Arroyo
Enrique Bradfield, Jr.
Cam Collier
Konnor Griffin
Travis Sykora
Slade Caldwell
Jacob Misiorowski
Adrian del Castillo
Brayden Taylor
Chase DeLauter
Ronny Mauricio
Termarr Johnson
Noble Meyer
Jaden Hamm
Druw Jones
Trey Yesavage
Yoeilin Cespedes
George Lombard
Joe Mack
Sal Stewart